Tag,Count
AI,4160
AI safety,973
World Modeling,697
Building effective altruism,687
Existential risk,590
Community,585
Announcements and updates,530
Opportunities to take action,510
Research,488
Philosophy,482
Interpretability (ML & AI),472
Policy,455
Cause prioritization,447
Global health & development,447
Animal welfare,441
Rationality,401
Opinion,380
Effective giving,358
Career choice,357
AI Risk,331
World Optimization,310
Practical,297
AI governance,294
Language Models (LLMs),279
Forecasting,243
Organization updates,228
Biosecurity,185
Newsletters,185
AI Timelines,162
AI Governance,156
Machine Learning  (ML),154
Decision theory,151
Application announcements,149
Inner Alignment,146
Deceptive Alignment,135
Moral philosophy,135
Economics,133
Collections and resources,131
AI alignment,126
MATS Program,125
Job listing (open),121
Outer Alignment,120
News relevant to effective altruism,118
Research Agendas,114
AI Evaluations,113
Longtermism,113
Giving Season (2024),111
AI Control,108
Farmed animal welfare,106
AI Takeoff,104
OpenAI,102
US policy,99
Sparse Autoencoders (SAEs),97
Epistemology,96
GPT,91
Cost-effectiveness analysis,89
AI Alignment Fieldbuilding,87
Logic & Mathematics,87
Forecasting & Prediction,86
Agent Foundations,85
Threads,82
Value Learning,82
Reinforcement learning,81
Corrigibility,76
AI forecasting,74
Agency,68
Public communication on AI safety,68
Ethics & Morality,66
Goodhart's Law,65
Psychology,65
Mesa-Optimization,64
Funding request (open),63
Embedded Agency,61
AI-Assisted Alignment,60
Artificial sentience,60
Building the field of AI safety,60
Fiction,60
Neuroscience,58
Game Theory,57
Requests (open),57
Conferences,56
Interviews,56
Optimization,56
Rethink Priorities,56
Eliciting Latent Knowledge,55
Organization strategy,55
Audio,54
Criticism of effective altruism,54
Global catastrophic risk,54
Coordination / Cooperation,53
Draft Amnesty Week (2025),53
Human Values,53
Pandemic preparedness,53
Fellowships and internships,52
Instrumental convergence,52
Large Language Models,51
Redwood Research,50
Funding opportunities,49
AXRP,48
China,48
Threat Models (AI),48
Abstraction,47
Debate (AI safety technique),47
Effective altruism culture,47
Effective Altruism Forum,47
Superintelligence,47
Chain-of-Thought Alignment,46
Marginal Funding Week,46
Podcasts,46
Utility Functions,46
Climate change,45
Surveys,45
Video,45
Artificial intelligence,44
Conjecture (org),44
Forecasts (Specific Predictions),44
Goal-Directedness,44
Iterated Amplification,44
Impact Regularization,43
Postmortems & retrospectives,43
Effective altruism groups,42
Simulator Theory,42
Effective altruism funding,41
Grantmaking,41
History,41
Personal development,41
Wild animal welfare,41
AI Capabilities,40
AI evaluations and standards,40
Hiring,40
Open Philanthropy,40
Shard Theory,39
Books,38
RLHF,38
Career advising,37
DeepMind,37
Dietary change,37
Causality,36
Distillation & Pedagogy,36
Economic growth,36
Moral uncertainty,36
Singular Learning Theory,36
Biology,35
Complexity of value,35
Criticism of work in effective altruism,35
Deception,35
EAGx,35
Ethics of artificial intelligence,35
Infra-Bayesianism,35
Mental health (cause area),35
Natural Abstraction,35
Probability & Statistics,35
Utilitarianism,35
AI risk skepticism,34
Charity evaluation,34
Education,34
Fundraising,34
Practice & Philosophy of Science,34
Transcripts,34
Consciousness,33
Consciousness research,33
Entrepreneurship,33
Scaling Laws,33
AI Safety Camp,32
AI Welfare Debate Week (2024),32
Myopia,32
Research summary,32
Anthropic (org),31
Centre for Effective Altruism,31
Effective animal advocacy,31
Evolution,31
Giving What We Can,31
Impact assessment,31
Improving institutional decision-making,31
Metaculus,31
Productivity,31
Activation Engineering,30
Community experiences,30
Effective Altruism Global,30
University groups,30
Anthropics,29
April Fools' Day,29
Criticism of effective altruist organizations,29
Animal Welfare vs Global Health Debate Week,28
Careers,28
Donation choice,28
Economic Consequences of AGI,28
GiveWell,28
Politics,28
Postmortems & Retrospectives,28
S-risk,28
Effective altruism,27
Invertebrate welfare,27
Religion,27
Academic Papers,26
Africa,26
AI interpretability,26
AI Safety Public Materials,26
Bounties (closed),26
Community infrastructure,26
Has Diagram,26
Oracle AI,26
Research training programs,26
Self-care and wellbeing in the effective altruism community,26
Site Meta,26
Aligned AI Proposals,25
Economics of artificial intelligence,25
Regulation and AI Risk,25
Reward Functions,25
Slowing down AI,25
AI safety resources and materials,24
Ambitious Impact,24
Foreign aid,24
Health / Medicine / Disease,24
Apollo Research (org),23
Futurism,23
General intelligence,23
Scholarship & Learning,23
AI Boxing (Containment),22
AI Risk Concrete Stories,22
Alignment Research Center (ARC),22
Animal product alternatives,22
Animal sentience,22
Community epistemic health,22
Consequentialism,22
Effective altruism art and fiction,22
Field-building,22
Global priorities research,22
Operations,22
Progress Studies,22
Whole Brain Emulation,22
"80,000 Hours",21
AI benchmarks,21
Boundaries / Membranes [technical],21
Corporate animal welfare campaigns,21
Criticism of effective altruist causes,21
Fermi estimate,21
Moral circle expansion,21
Moral patienthood,21
Nuclear security,21
"Truth, Semantics, & Meaning",21
UK policy,21
Workshops / Retreats / Summits,21
AI Rights / Welfare,20
Donation pledge,20
Earning to give,20
Electoral politics,20
Factored Cognition,20
Insect welfare,20
Intellectual Progress (Society-Level),20
Long-term future,20
Pain and suffering,20
Recursive Self-Improvement,20
Refine,20
Self Fulfilling/Refuting Prophecies,20
Transformative artificial intelligence,20
United States,20
Wireheading,20
"80,000 Hours Podcast",19
AI safety groups,19
AI Sentience,19
Book Reviews / Media Reviews,19
Effective altruism messaging,19
Exercises / Problem-Sets,19
Finite Factored Sets,19
Fish welfare,19
Inverse Reinforcement Learning,19
Meta-Philosophy,19
Moral weight,19
Open Problems,19
PIBBSS,19
Population ethics,19
Technological Forecasting,19
Transformer Circuits,19
Transhumanism,19
AI Benchmarking,18
AI race,18
Animal Ethics,18
Diversity and inclusion,18
Funding Strategy Week,18
Global catastrophic biological risk,18
Good things & impact stories,18
International relations,18
Meditation,18
Models,18
Neuromorphic AI,18
Self Improvement,18
Subagents,18
Superposition,18
Academia,17
Adversarial Training,17
Criticism of the effective altruism community,17
Effective altruism lifestyle,17
Gradient Hacking,17
Great power conflict,17
Human-AI Safety,17
Logical Induction,17
Logical Uncertainty,17
Philosophy of effective altruism,17
Physics,17
Project Announcement,17
Selection Theorems,17
Software Tools,17
Suffering-focused ethics,17
Adversarial Examples (AI),16
AI Success Models,16
Anthropic,16
April Fool's,16
Center on Long-Term Risk (CLR),16
Cognitive Science,16
Deconfusion,16
Democracy,16
Effective altruism in Japanese,16
Emotions,16
Ethics of personal consumption,16
European Union,16
Evolutionary Psychology,16
Existential Choices Debate Week,16
Food security,16
Game theory,16
Global governance,16
Government,16
Grants & Fundraising Opportunities,16
Heuristics & Biases,16
Humans consulting HCH,16
Moral psychology,16
Organization Updates,16
Philosophy of mind,16
Power Seeking (AI),16
Situational Awareness,16
Solomonoff induction,16
Transformers,16
Translation,16
AI Alignment Intro Materials,15
Art,15
Ask Me Anything,15
Biosurveillance,15
Community projects,15
Counterfactuals,15
Effective Altruism Funds,15
External Events,15
Global  outreach,15
Law,15
Medicine,15
Metaethics,15
Mild optimization,15
Nonprofit governance,15
Orthogonality Thesis,15
Prizes and contests,15
Research methods,15
Scalable Oversight,15
Sentience,15
Sharp Left Turn,15
Shrimp Welfare Project,15
Tool AI,15
Wellbeing,15
Writing (communication method),15
Bayes' Theorem,14
Compute,14
Computer Security & Cryptography,14
Definitions,14
Free Energy Principle,14
Humor,14
Information security,14
Journalism,14
Language & Linguistics,14
Malaria,14
Mechanism Design,14
Pledge Highlight Week,14
Risks of Astronomical Suffering (S-risks),14
Sandbagging (AI),14
Simulation Hypothesis,14
The Pointers Problem,14
AI takeoff,13
Armed conflict,13
Bayesianism,13
Cause Prioritization,13
Discussion norms,13
Event strategy,13
Gears-Level,13
Intelligence explosion,13
Literature Reviews,13
Low- and middle-income countries,13
Machine Intelligence Research Institute (MIRI),13
Management & mentoring,13
Motivational,13
Ontology,13
Progress studies,13
Quantilization,13
"Research agendas, questions, and project lists",13
Research Taste,13
Robust Agents,13
Social science,13
Space colonization,13
The Unjournal,13
Transparency,13
United Kingdom,13
Wild Animal Initiative,13
AI moratorium,12
ChatGPT,12
Coherence Arguments,12
Communication Cultures,12
Criticism of longtermism and existential risk studies,12
Donation Election,12
EA Organization Updates (monthly series),12
Economic inequality,12
Extraterrestrial intelligence,12
Formal Proof,12
India,12
Löb's theorem,12
Many-Worlds Interpretation,12
Multipolar Scenarios,12
Personal finance,12
Predictive Processing,12
Slowing Down AI,12
Social & Cultural Dynamics,12
Social Media,12
The Humane League,12
Writing advice,12
Acausal Trade,11
AI Risk Skepticism,11
AI Services (CAIS),11
Animal Charity Evaluators,11
Animal welfare regulation,11
Center for Human-Compatible AI (CHAI),11
Crustacean welfare,11
Data science,11
Differential progress,11
Effective altruism in the media,11
Experiments,11
Global poverty,11
Hedonism,11
Honesty,11
Human extinction,11
Information Theory,11
Less-discussed causes,11
Map and Territory,11
METR (org),11
Modularity,11
Nucleic Acid Observatory,11
Philosophy of Language,11
Political polarization,11
Prediction Markets,11
Quantum Mechanics,11
Scientific progress,11
Security Mindset,11
Value drift,11
AI Development Pause,10
AI Psychology,10
Category theory,10
Civilizational collapse,10
Cluelessness,10
Coaching,10
Coherent Extrapolated Volition,10
Computer Science,10
Digital person,10
Donation writeup,10
Environmental science,10
Financial Investing,10
Global Priorities Institute,10
Guaranteed Safe AI,10
Information Hazards,10
Intervention evaluation,10
Language model cognitive architecture,10
Law and Legal systems,10
Life Extension,10
List of Links,10
Open Source AI,10
Philanthropic coordination,10
Programming,10
Public Discourse,10
Quantified Uncertainty Research Institute,10
Resilient food,10
Risk aversion,10
Secular Solstice,10
Simulation,10
Social and intellectual movements,10
Space Exploration & Colonization,10
Space governance,10
Symbol Grounding,10
Systemic change,10
Tiling Agents,10
Updateless Decision Theory,10
AI Safety Cases,9
Animal Welfare Fund,9
Automation,9
Axiology,9
Biotechnology,9
Career capital,9
Cultural evolution,9
Cyborgism,9
Data on the EA community,9
Dialogue (format),9
Distribution of cost-effectiveness,9
DIY Debate Week,9
Effective altruism in Spanish,9
Emergent Behavior ( Emergence ),9
Expected value,9
Fixed Point Theorems,9
Gaming (videogames/tabletop),9
Grokking (ML),9
Human Genetics,9
Incentives,9
LessWrong Review,9
Normative ethics,9
Nuclear winter,9
Open Agency Architecture,9
Organizational Culture & Design,9
PauseAI,9
Philanthropic diversification,9
Pivotal Research,9
Prompt Engineering,9
Suffering,9
Adjusted life year,8
AI Oversight,8
AI Robustness,8
Altruistic motivation,8
Apart Research,8
Asterisk,8
Bounded Rationality,8
Bounties & Prizes (active),8
Buddhism,8
Charity incubation,8
Compute governance,8
Computing Overhang,8
Conversations with AIs,8
Disagreement,8
Donation matching,8
Free Will,8
Global health and wellbeing,8
High Impact Professionals (organization),8
History of effective altruism,8
Jailbreaking (AIs),8
Job listing (closed),8
Kolmogorov Complexity,8
Leadership,8
Meta Coordination Forum,8
Moloch,8
Near-term AI ethics,8
Neglectedness,8
Ought,8
Planning & Decision-Making,8
Population Ethics,8
Probably Good,8
Public interest technology,8
Randomized controlled trials,8
Responsible Scaling Policies,8
Satisficer,8
Selection vs Control,8
Summaries,8
Vaccines,8
Welfare Footprint Institute,8
Against Malaria Foundation,7
Akrasia,7
Arthropoda Foundation,7
Betting,7
Bioethics,7
Burden of disease,7
Burnout,7
Convergence Analysis (org),7
Coworking spaces,7
Distinctions,7
Electoral reform,7
Engineering,7
Faunalytics,7
Fiction (Topic),7
Fish Welfare Initiative,7
Future of Life Institute,7
Glitch Tokens,7
Great Filter,7
Information hazard,7
Inside/Outside View,7
Life sciences,7
Lottery Ticket Hypothesis,7
Machine Unlearning,7
Memetics,7
Motivations,7
Music,7
Neocortex,7
Open thread,7
Prediction markets,7
Probabilistic Reasoning,7
Public Reactions to AI,7
Statistics,7
Techniques,7
Technology race,7
Tools for collaborative truth-seeking,7
Transformative AI,7
Well-being,7
AI Art,6
AI Misuse,6
AI Persuasion,6
AIXI,6
Algorithmic Forecasting,6
Algorithms,6
Alignment Jam,6
Altruism,6
AMA,6
Animal Advocacy Careers,6
Asymmetry,6
Auditing Games,6
Brain-Computer Interfaces,6
Cellular automata,6
Compute Governance,6
Consequences of AI timelines,6
Conservatism (AI),6
Constitutional AI,6
Cooperative AI,6
Cost-benefit analysis,6
Crucial consideration,6
Demandingness of morality,6
Distributional Shifts,6
Effective Altruism Infrastructure Fund,6
Effective altruism outreach in schools,6
Effective Altruism Survey,6
Extraterrestrial Life,6
Family planning,6
Founders Pledge,6
FTX collapse,6
Functional Decision Theory,6
Good Regulator Theorems,6
Gradient Descent,6
International trade,6
Intuition,6
Job profile,6
Marketing,6
Metagenomics,6
Modeling People,6
Moral cooperation,6
Nanotechnology,6
Narratives (stories),6
Newcomb's Problem,6
Parenting,6
Philanthropy / Grant making (Topic),6
Priors,6
Prisoner's Dilemma,6
Quantified Self,6
Rationality community,6
Red teaming,6
Social Skills,6
Squiggle,6
Sycophancy,6
Terminology / Jargon (meta),6
Treacherous Turn,6
Truthful AI,6
Universal basic income,6
Welfare economics,6
Women's health and welfare,6
2023 Longform Reviews,5
AI Racing,5
Ballot initiative,5
Calibration,5
Chess,5
Cognitive Architecture,5
Community Outreach,5
Cooking,5
Criticisms of The Rationalist Movement,5
Decision-theoretic uncertainty,5
Deontology,5
Dual-use,5
Effective altruism education,5
Effective Altruism for Christians,5
Estimation of existential risk,5
Fermi paradox,5
Flourishing futures,5
Grabby aliens,5
Group Rationality,5
Hackathons,5
Happiness,5
History & Philosophy of Science,5
Intellectual Progress (Individual-Level),5
Intelligence Amplification,5
Introductory fellowship,5
ITN framework,5
Long-Term Future Fund,5
Machine Intelligence Research Institute,5
Maternal and newborn health,5
Mechanism design,5
Meetups & Local Communities (topic),5
Moral advocacy,5
Payor's Lemma,5
Personal Identity,5
Peter Singer,5
Qualia Research Institute,5
Radical Probabilism,5
Reductionism,5
Relationships (Interpersonal),5
Research careers,5
Safeguarding liberal democracy,5
Sam Bankman-Fried,5
Self-Deception,5
Software engineering,5
Startups,5
Subjective wellbeing,5
Systems Thinking,5
Technological Unemployment,5
Therapy,5
Tribalism,5
Trust and Reputation,5
Twitter,5
Unidentified Anomalous Phenomena (UAP),5
United Nations,5
Updated Beliefs (examples thereof),5
Value of Information,5
Virtue ethics,5
Volunteering,5
Welfare biology,5
Wild Animal Welfare,5
Accidental harm,4
AI Safety Mentors and Mentees Program,4
Alignment Tax,4
Autonomous weapon,4
Bayesian Decision Theory,4
Blackmail / Extortion,4
Bounty (open),4
Causal Scrubbing,4
Cause X,4
Cognitive bias,4
Commitment Mechanisms,4
Commitment Races,4
Corporate governance,4
Counterfactual Mugging,4
Cryonics,4
Cryptocurrency & Blockchain,4
Cultivated meat,4
D&D.Sci,4
Documentaries,4
Double Descent,4
Economics of animal welfare,4
EfficientZero,4
Epoch AI,4
Ethics of existential risk,4
Evidential Decision Theory,4
Existential risk fiction,4
GiveDirectly,4
Greater New York City area,4
Growth Stories,4
h5n1,4
HIV/AIDS,4
HPMOR (discussion & meta),4
Human Alignment,4
Human Bodies,4
Human Germline Engineering,4
Hyperstitions,4
Immigration reform,4
In Russian,4
Infinities In Ethics,4
Inside vs. outside view,4
Intentionality,4
Lead Exposure Elimination Project,4
Life Improvements,4
Lighthaven,4
Long-range forecasting,4
Measuring and comparing value,4
Meat-eating problem,4
Metascience,4
More Dakka,4
Nutrition,4
Open Threads,4
PaLM,4
Poetry,4
Q&A (format),4
Quantum computing,4
QURI,4
Reflective Reasoning,4
Request for proposal,4
Resource tradeoffs,4
Rethink Wellbeing,4
Risk Management,4
Russia,4
Singularity,4
Sleeping Beauty Paradox,4
Small animal replacement problem,4
"Squiggle Maximizer (formerly ""Paperclip maximizer"")",4
Superrationality,4
Superstimuli,4
Tax Policy,4
Value of movement growth,4
Values handshakes,4
VNM Theorem,4
War,4
Welfarism,4
World Modeling Techniques,4
Adaptation Executors,3
Adding Up to Normality,3
Agent Simulates Predictor,3
"AI ""Agent"" Scaffolds",3
ALLFED,3
Analogy,3
Anti-natalism,3
Antimicrobial resistance,3
Applied ethics,3
Asia,3
Astronomical Waste,3
Behavior Change,3
Biodiversity loss,3
Bucket Errors,3
Causal Decision Theory,3
CEA Community Health and Special Projects Team,3
Center for AI Safety,3
Center for Reducing Suffering,3
Center on Long-Term Risk,3
Centre for Enabling EA Learning & Research,3
Classical utilitarianism,3
Cognitive enhancement,3
Cognitive Reduction,3
College advice,3
Common Knowledge,3
Community Page,3
Creativity,3
Cultural knowledge,3
Death,3
Depression,3
Developmental Psychology,3
Disentanglement research,3
Domain Theory,3
Donor lotteries,3
Dynamical systems,3
Effective Altruism in German,3
Efficient Market Hypothesis,3
Emergency response,3
Empiricism,3
Encultured AI (org),3
Entropy,3
Epistemic Hygiene,3
Evidential Cooperation in Large Worlds,3
Fact posts,3
Fairness,3
Falsifiability,3
Far-UVC,3
Fashion,3
Fermi Estimation,3
Funding high-impact for-profits,3
Future Fund Worldview Prize,3
Future of Humanity Institute (FHI),3
Fuzzies,3
Games (posts describing),3
Geomagnetic storms,3
High Impact Medicine (group),3
History of philanthropy,3
History of Rationality,3
Human Universal,3
Humility,3
Indoor air quality,3
Industrial Revolution,3
Intellectual Progress via LessWrong,3
Interpersonal comparisons of wellbeing,3
Introduction to effective altruism,3
Introspective hedonism,3
Journaling,3
Kelly Criterion,3
Lead poisoning,3
Lifelogging as life extension,3
Macroeconomic policy,3
Market making (AI safety technique),3
Mind projection fallacy,3
Misinformation,3
Moore's Law,3
Moral offsetting,3
Narrow AI,3
Neglected tropical diseases,3
Network building,3
News,3
Non-humans and the long-term future,3
Normative uncertainty,3
Obituary,3
Occam's Razor,3
Online effective altruism communities,3
Our World in Data,3
Parables & Fables,3
Person-affecting views,3
Petrov Day,3
Pivotal Acts,3
Privacy / Confidentiality / Secrecy,3
Problem-solving (skills and techniques),3
Procrastination,3
Rationalization,3
Reasoning transparency,3
Replication Crisis,3
Risk assessment,3
Robotics,3
Scott Alexander,3
Screwworm Free Future,3
Selection Effects,3
The Hard Problem of Consciousness,3
The Life You Can Save,3
Theory of change,3
Theory of Mind,3
Timeless Decision Theory,3
Tobacco control,3
Tuberculosis,3
Value of information,3
Volcanic winter,3
Vulnerable World Hypothesis,3
Weapons of mass destruction,3
Whole brain emulation,3
Wisdom,3
Working at EA vs. non-EA orgs,3
1Day Sooner,2
2017-2019 AI Alignment Prize,2
Addiction,2
Aesthetics,2
Aging,2
Aging research,2
AI arms race,2
AI-Plans (website),2
Air Quality,2
Alignment tax,2
Anima International,2
Anthropic shadow,2
Artificial General Intelligence (AGI),2
Attention,2
Autonomous Vehicles,2
Autonomous Weapons,2
Autonomy and Choice,2
Availability Heuristic,2
Biorisk skepticism,2
Black Swans,2
Bounty (closed),2
Bryan Caplan,2
Bureaucracy,2
Cash transfers,2
Censorship,2
Center for Applied Rationality,2
Chemistry,2
Church-Turing thesis,2
Collections and Resources,2
Conflationary Alliances,2
Conservation,2
Conservative EA,2
Consultancy,2
Cooperative AI Foundation,2
Covid-19,2
COVID-19 pandemic,2
Criminal justice reform,2
Criticism and Red Teaming Contest,2
Crux,2
Cults,2
Curiosity,2
Dancing,2
Dath Ilan,2
Debunking argument,2
Dissolving the Question,2
Doebem,2
Double-Crux,2
EA and Islam,2
Effective Altruism Coaching,2
Effective Altruism UK (formerly EA London),2
Effective Ventures,2
Epistemic deference,2
Evidential cooperation in large worlds,2
Evolution heuristic,2
Exercise (Physical),2
Existential catastrophe,2
Fanaticism,2
Frames,2
FTX-collapse-related resources,2
Fundamental Controllability Limits,2
Giving Green,2
Good Food Institute,2
Good Ventures,2
Grabby Aliens,2
Gödelian Logic,2
Hansonian Pre-Rationality,2
Heroic Responsibility,2
Human challenge trials,2
Identity,2
Imposter syndrome,2
Independent research,2
Indirect long-term effects,2
Information theory,2
Internal Alignment (Human),2
Intrinsic vs. instrumental value,2
Introspection,2
Investing,2
Kidney donation,2
Land use reform,2
Law-Thinking,2
Libertarianism,2
Longtermist institutional reform,2
Macrostrategy,2
Market Inefficiency,2
Michael Huemer,2
Moral trade,2
Negotiation,2
Nonviolent Communication (NVC),2
Nuclear disarmament movement,2
Nuclear energy,2
Online Socialization,2
Ontological Crisis,2
Perception,2
Personal identity,2
Phenomenology,2
Population decline,2
Poverty,2
Pre-Commitment,2
Prepping,2
Principal-Agent Problems,2
Principles- and cause-first movement building,2
Problem of Old Evidence,2
Psychedelics,2
Psychiatry,2
Psychotherapy,2
Qualia,2
Quines,2
Rationalist Taboo,2
Refuges,2
Repugnant conclusion,2
Ritual,2
Scoring Rules,2
Self Experimentation,2
Self-Love,2
Sex & Gender,2
Shapley values,2
Skill Building,2
Sleep,2
Social Status,2
Socially responsible investing,2
Sports,2
Stances,2
Student projects,2
Tabletop exercises,2
Task Prioritization,2
Temporal discounting,2
Think tanks,2
Thinking at the margin,2
Timing of philanthropy,2
Totalitarianism,2
Training for Good,2
Trajectory change,2
Tripwire,2
Try Things,2
Ukraine,2
Valence,2
Value Drift,2
Value Extrapolation,2
Value lock-in,2
Veganism,2
Verification,2
Vida Plena (organisation),2
Virtues,2
Waluigi Effect,2
Wanting vs Liking,2
"Washington, DC",2
Weighted factor models,2
Willpower,2
Workplace advocacy,2
